result,filename,title,id
OK,/hubspot-crm.html,Hubspot CRM,10387518
OK,/gresb-2018-guidance-cheat-sheet.html,GRESB 2018 Guidance (Cheat Sheet),10420387
OK,/site-manager-training-email-template.html,Site Manager Training Email Template,10780734
OK,/bulk-historical-billing-projects-via-ardem.html,Bulk Historical Billing Projects via Ardem,10354700
OK,/initial-customer-training.html,Initial Customer Training,10846249
OK,/zendesk-ticket-practice-workflow.html,Zendesk Ticket Practice Workflow,10911769
OK,/gabes-sdr-weekly-updates.html,Gabe's SDR Weekly Updates,10387543
OK,/list-of-events-on-our-radar.html,List of events on our radar,10846306
OK,/prior-year-to-current-year-gresb-mapping.html,Prior Year to Current Year GRESB Mapping,10911778
OK,/explaining-measurabl-concisely-from-a-new-msr-employee.html,Explaining Measurabl Concisely - from a new MSR employee,10453016
OK,/business-plan-go-to-market-strategy-partners.html,Business Plan - Go to Market Strategy - Partners,10780751
OK,/green-office-tool.html,Green Office Tool,10453035
OK,/deal-types-in-hubspot.html,Deal Types in Hubspot,10354715
OK,/ticket-tags-checkboxes.html,Ticket Tags & Checkboxes,10420396
OK,/conservice-utility-sync-activation.html,ConService Utility Sync Activation,13533185
OK,/zen-desk-inbox-management.html,Zen Desk Inbox Management,10420405
OK,/security-phishing-helpdesk.html,Security & Phishing - HelpDesk,10879011
OK,/feature-request-transition-plan.html,Feature Request Transition Plan,10354724
OK,/known-data-issues.html,Known Data Issues,10354733
OK,/aero-building-solutions.html,AERO Building Solutions,10813478
OK,/partners-master-list.html,Partners (Master List),10354742
OK,/bill-pay-providers.html,Bill Pay Providers,10453044
OK,/planning-for-the-growth-of-the-sales-team.html,Planning for the growth of the Sales Team,10911791
OK,/marketing-onboarding-for-new-measurablites.html,Marketing Onboarding - for new Measurablites,10911800
OK,/6-proven-dashboard-views-to-drive-sustainability-results-confirmation.html,6 Proven Dashboard Views to Drive Sustainability Results Confirmation,10354763
OK,/zendesk-knowledge-base-statistics.html,Zendesk & Knowledge Base Statistics,10879020
OK,/our-products-in-hubspot.html,Our Products in Hubspot,10846315
OK,/event-process-12july2018docx.html,Event process_12July2018.docx,10780770
OK,/invision-process.html,Invision Process,10453071
OK,/cdp-gap-analysis.html,CDP Gap Analysis,10911809
OK,/product-feedback-jm.html,Product feedback - JM,10420414
OK,/proposal-process-current-and-proposed.html,Proposal Process - Current and Proposed,10453082
OK,/utility-sync-kpis.html,Utility Sync - KPI's,10879029
OK,/greenstone.html,Greenstone +,10387552
OK,/company-info-for-rfp.html,Company Info for RFP,10813489
OK,/utility-sync-customer-issues.html,Utility Sync: Customer Issues,10354774
OK,/hcp-insights.html,HCP insights,10846328
OK,/planning-for-the-account-manager-role.html,Planning for the Account Manager Role,13533194
OK,/s3-cheat-sheet.html,S3 Cheat Sheet,10354791
OK,/hubspot-integration.html,Hubspot Integration,10780779
OK,/on-boarding-process-for-new-customers-not-just-pro.html,On boarding Process for New Customers (Not just Pro),10813500
OK,/zuora-billing-integration.html,Zuora Billing Integration,10846337
OK,/deal-stages-for-hubspot-current-sales-pipeline.html,Deal Stages for Hubspot Current Sales Pipeline,10911818
OK,/compliance-deficiencies.html,Compliance Deficiencies,10846348
OK,/courteneymcdonnell-welcome-post.html,courteney.mcdonnell Welcome Post,10813523
OK,/official-gresb-response-check-1.html,Official GRESB Response Check,10780842
OK,/top-100-real-estate-targets.html,Top 100 Real Estate Targets,10846357
OK,/servidyne.html,Servidyne,10420423
OK,/hubspot-domain.html,Hubspot Domain,10879038
OK,/2018-intensity-calculations.html,2018 Intensity Calculations,10879051
OK,/value-propositions-conversation.html,Value Propositions Conversation,10453095
OK,/how-to-create-a-quote-in-hubspot.html,How to create a Quote in Hubspot,10911831
OK,/baseline-account-set-up-for-hybrid-properties.html,Baseline Account Set-up for Hybrid Properties,10879066
OK,/cbre-gws-global-workplace-solutions.html,CBRE GWS (Global Workplace Solutions),10879079
OK,/utility-vendors-not-supported-by-utilitysync.html,Utility Vendors not supported by UtilitySync,10354802
OK,/marketing-resources-webinars-one-pagers-etc.html,"Marketing Resources (webinars, one-pagers, etc.)",10453104
OK,/isoslrqa-assurance-process.html,ISOS/LRQA Assurance Process,10879088
OK,/excel-diff.html,Excel Diff,10911842
OK,/baseline-account-set-up-for-users-with-multiple-energy-star-accounts.html,Baseline Account Set-up for Users with multiple ENERGY STAR accounts,13533203
OK,/templates.html,Templates,10453113
OK,/enterprise-rfp-saas-process.html,Enterprise RFP SaaS  process,10911851
OK,/hubspot-naming-convention-changes-marketing-sales-cs.html,HubSpot naming convention changes - Marketing : Sales : CS,10911870
OK,/marketing-partner-program.html,Marketing - Partner Program,10387563
OK,/baseline-account-set-up-for-estar-manual.html,Baseline Account Set-up for ESTAR Manual,10453124
OK,/opportunity-creation-validation-process.html,Opportunity Creation & Validation Process,10846366
OK,/the-vision-of-measurabl-according-to-matt.html,The vision of Measurabl (According to Matt...),10420432
OK,/schneider-electric-resource-advisor.html,Schneider Electric Resource Advisor,10354811
OK,/drews-sdr-weekly-update.html,Drew's SDR Weekly Update,10453133
OK,/template-for-non-latin-ocrardem-requirements.html,Template for Non-Latin OCR|Ardem Requirements,10780853
OK,/sales-to-cs-workflow.html,Sales to CS Workflow,10846375
OK,/customer-success-audit-draft.html,Customer Success Audit - DRAFT,10813534
OK,/gresb-asset-level-upload.html,GRESB Asset-level upload,10879105
OK,/faq-single-sign-on-sso.html,FAQ: Single Sign-On (SSO),10420441
OK,/projects-roll-up.html,Projects Roll-up,10879114
OK,/zendesk-training-videos.html,Zendesk Training Videos,10387582
OK,/brainstorm-why-corporate-occupiers-need-msr.html,Brainstorm: Why Corporate Occupiers need MSR,10813543
OK,/upcoming-campaign-proposed-timelineactivities.html,Upcoming campaign proposed timeline/activities,10911879
OK,/customer-succes-levels-of-service.html,Customer Succes Levels of Service,10420450
OK,/e4-mexican-benchmarking-platform-draft.html,E4 - Mexican Benchmarking Platform - DRAFT,10780862
OK,/open-positions-priority.html,Open Positions & Priority,10387599
OK,/utility-sync-technical-processes-know-how.html,Utility-Sync : Technical Processes _ Know-How,10453142
OK,/factors-for-intensity-and-score-calcs.html,Factors for Intensity and Score Calcs,10387610
OK,/sales-strategy-gtm-planning-document.html,Sales Strategy & GTM Planning Document,10813552
OK,/goby.html,GOBY,10879125
OK,/jll-peers.html,JLL PEERS,10879134
OK,/sdr-onboarding.html,SDR Onboarding,10354824
OK,/on-boarding-process-for-new-enterprise-customers.html,On boarding Process for New Enterprise Customers,10354835
OK,/our-company-mission.html,Our Company Mission,10813565
OK,/system-methodologies-for-conversions-ghg-green-house-gas-estimates.html,"System Methodologies for Conversions, GHG (green house gas), Estimates",10453151
OK,/info-gathering-when-user-is-unhappy-with-usync.html,Info-gathering when user is unhappy with Usync,10387619
OK,/marketing-partners.html,Marketing Partners,13533214
OK,/filing-bug-tickets.html,Filing Bug Tickets,10846384
OK,/measurabl-demo-key-facts-to-hit.html,Measurabl Demo - key facts to hit,10846393
OK,/seans-weekly-sales-report.html,Sean's Weekly Sales Report:,10354846
OK,/2018-eventsattendees.html,2018 events/attendees,10846402
OK,/planning-for-the-growth-of-the-customer-success-team.html,Planning for the growth of the Customer Success Team,10453164
OK,/real-estatesustainability-glossary.html,Real Estate/Sustainability Glossary,13533223
OK,/response-check-gresb.html,Response Check (GRESB),10354869
OK,/verdani.html,Verdani,13533232
OK,/utility-sync-tasks.html,Utility Sync Tasks,10911888
OK,/instructions-quick-links.html,Instructions & Quick Links,10813574
OK,/haley-aldrich.html,Haley Aldrich,10879145
OK,/gdpr-compliance.html,GDPR Compliance,10354884
OK,/usync-data-modification-utility-bill-measurabl.html,USync Data Modification : Utility Bill->Measurabl,10354895
OK,/onboarding-email-template-1.html,Onboarding Email Template #1,13533241
OK,/baseline-sdr-script-for-cc.html,Baseline SDR script for CC,10453175
OK,/code-green-solutions.html,Code Green Solutions,10354904
OK,/usync-pre-requisites-for-data-extraction.html,USync - Pre-Requisites for Data Extraction,10813593
OK,/greenofficetoolcom.html,greenofficetool.com,10420459
OK,/sales-transition.html,Sales Transition,10420468
OK,/yardi-anomalous-data-review.html,Yardi Anomalous Data Review,10420477
OK,/switching-a-site-from-manual-to-usync.html,Switching a site from Manual to USync,10879154
OK,/zoom-training-set-up-registration-recording.html,"Zoom: Training Set-Up, Registration, Recording",10780871
OK,/nazi-welcome-post.html,nazi Welcome Post,13533254
OK,/knowledgebase-article-template-and-guidance.html,Knowledgebase Article Template and Guidance,13533265
OK,/our-deal-flow-demo-flow-process-framework.html,Our Deal Flow & Demo Flow Process Framework,10846411
OK,/isos.html,ISOS,10420486
OK,/gri-overview.html,GRI Overview,10879163
OK,/mels-weekly-sales-reports.html,Mel's Weekly Sales Reports:,10420495
OK,/event-planning-lifecycle.html,Event Planning & Lifecycle,10453184
OK,/template-emails.html,Template emails,13533288
OK,/utility-sync-strategy-nikks-recommendations.html,Utility-Sync Strategy : Nikk's Recommendations,10420510
OK,/historical-data-project.html,Historical Data Project,10879174
OK,/baseline-account-set-up-for-usync-newbie.html,Baseline Account Set-up for Usync Newbie,10420519
OK,/gresb-certification-approval.html,GRESB Certification Approval,10387628
OK,/site-anomaly-detector.html,Site Anomaly Detector,10911923
OK,/3rd-party-assurance-verification.html,3rd Party Assurance & Verification,10387639
OK,/cdp-mapping-msr-to-cdp-portal.html,CDP Mapping - MSR to CDP Portal,10846420
OK,/how-to-find-the-leads-in-hubspot.html,How to find the leads in Hubspot,10879183
OK,/sales-marketing-tools.html,Sales & Marketing Tools,10780880
OK,/aggregate-electric-portals.html,Aggregate Electric Portals,10911948
OK,/resend-invitation.html,Resend Invitation,10911959
OK,/mach-energy.html,Mach Energy,10420528
OK,/mark-siemers-welcome-post.html,Mark Siemers Welcome Post,10387654
OK,/conquest-pursuit-playbook-notes.html,Conquest Pursuit Playbook Notes,10846429
OK,/csm-workflow-gresb.html,CSM Workflow: GRESB,10846438
OK,/upfront-contracts-call-1-call-2.html,Upfront Contracts (Call #1 & Call #2),10387665
OK,/uli.html,ULI,10387674
OK,/drift-thoughts.html,Drift thoughts,10780891
OK,/touchpoints-wcustomers.html,Touchpoints w/customers,10387685
OK,/categorizing-grouping-zendesk-tickets.html,Categorizing & Grouping Zendesk Tickets,10813602
OK,/hubspot-testing-api.html,Hubspot - Testing API,10879200
OK,/quinn-and-partners-qp.html,Quinn and Partners (Q&P),10846447
OK,/utility-sync-qa-plan.html,Utility Sync - QA Plan,10780900
OK,/client-renewals.html,Client Renewals,10387694
OK,/waste-support.html,Waste Support,10813611
OK,/sustainalytics.html,Sustainalytics,10911968
OK,/2018-gresb-score-debriefs.html,2018 GRESB Score Debriefs,10813628
OK,/customer-activity-channel.html,Customer Activity Channel,10354915
OK,/patrick-engineering.html,Patrick Engineering,10911979
OK,/green-sports-alliance.html,Green Sports Alliance,10354926
OK,/sdr-training-day.html,SDR Training Day,10387705
OK,/pricing-validation-process.html,Pricing Validation Process,10911988
OK,/troubleshooting-user-issues.html,Troubleshooting User Issues,10453193
OK,/google-tag-manager.html,Google Tag Manager,10846456
OK,/event-strategy.html,Event Strategy,10354935
OK,/willhelm-will-lehman-welcome-post.html,Willhelm (Will) Lehman Welcome Post,10912003
OK,/baseline-account-set-up-for-manual.html,Baseline Account Set-up for Manual,10879235
OK,/metabase.html,Metabase,10879244
OK,/vts-new-nav-webinar.html,VTS New Nav Webinar,10912014
OK,/hubspot-knowledge-transfer.html,Hubspot Knowledge Transfer,10846467
OK,/lucid.html,Lucid,10846478
OK,/hubspot-data-integrity-issues-to-fix.html,HubSpot data integrity issues to fix,10387714
OK,/chases-weekly-sales-reports.html,Chase's Weekly Sales Reports:,10912023
OK,/ghg-emissions-scope-123.html,GHG Emissions: Scope 1+2+3,10912070
OK,/post-demo-follow-up-meeting.html,Post-Demo Follow-Up Meeting,10453202
OK,/sdr-weekly-meeting.html,SDR Weekly Meeting,10879253
OK,/measurabl-surveys-google-sheet-functionality.html,Measurabl Surveys: Google Sheet Functionality,10780909
OK,/ibcon-company-attendee-list-as-of-may-23.html,IBcon company attendee list (as of May 23),10780918
OK,/release-notes-for-partners-template.html,Release Notes for Partners TEMPLATE,10453211
OK,/new-construction-major-renovation.html,New Construction & Major Renovation,13533297
OK,/product-backlog-prioritisation-feedback-jm.html,Product backlog prioritisation feedback - JM,10912079
OK,/gresb.html,GRESB,10813643
OK,/xcel-energy-extraction-discrepancies.html,Xcel Energy - Extraction Discrepancies,10879262
OK,/marketplace-services.html,Marketplace Services,13533306
OK,/customer-success-customer-on-boarding-process.html,Customer Success Customer On boarding Process,10813654
OK,/verge-18-information.html,VERGE '18 information,10912088
OK,/zendesk-integrations.html,Zendesk Integrations,10453220
OK,/spec-template.html,Spec Template,10420539
OK,/baseline-account-set-up-for-limited-e-billing-customers.html,Baseline Account Set-up for Limited E-billing Customers,10780927
OK,/data-check.html,Data Check,10846489
OK,/ardem-activation.html,ARDEM Activation,10912099
OK,/sdr-deal-process-workflow.html,SDR Deal Process Workflow,10846504
OK,/carson-ivancovich-welcome-post.html,Carson Ivancovich Welcome Post,10813663
OK,/pricing-and-partner-structure.html,Pricing and Partner Structure:,10846513
OK,/competitors.html,Competitors,10846524
OK,/jll-sustainability.html,JLL (Sustainability),13533319
OK,/wrap-up-of-on-boarding.html,Wrap-Up of On-boarding,10912112
OK,/urjanet-measurabl-meetings-video-recordings.html,Urjanet & Measurabl Meetings - Video Recordings,10420574
OK,/ul-ehs-pure.html,UL EHS - PURE,10813674
OK,/whitelisting-and-why.html,Whitelisting and Why,10879271
OK,/consultants-master-list.html,Consultants (Master List),10354950
OK,/using-the-hello-videoconferencing-cameras.html,Using the Hello Videoconferencing Cameras,10354979
OK,/sig.html,SIG,10846561
OK,/measurabl-gresb-mapping-2018.html,Measurabl -> GRESB Mapping 2018,10354992
OK,/environmental-save.html,Environmental SAVE,10387723
OK,/data-quality-alerts.html,Data Quality Alerts,10780948
OK,/measurabl-certifications.html,Measurabl Certifications,10813685
OK,/how-campuses-appear-in-measurabl.html,How Campuses Appear in Measurabl,10846570
OK,/gresb-qualitative-api-feature.html,GRESB Qualitative API Feature,10879280
OK,/unknown-accounts-site-blacklist.html,Unknown Accounts Site Blacklist,10780959
OK,/onboarding-email-template-2.html,Onboarding Email Template #2,10846579
OK,/tips-tricks-for-success-in-customer-success.html,Tips & Tricks for Success in Customer Success,10420583
OK,/utility-sync-on-boarding-process.html,Utility Sync On Boarding Process,10420596
OK,/engaging-commercial-tenants-and-occupants-in-energy-efficiency.html,Engaging Commercial Tenants and Occupants in Energy Efficiency,13533332
OK,/how-to-use-products-in-hubspot.html,How to use Products in Hubspot,10879289
OK,/bulk-upload-instructions.html,Bulk Upload Instructions,10453229
OK,/baseline-account-set-up-for-estar-pros-usync.html,Baseline Account Set-up for EStar Pros + Usync,10780968
OK,/csm-quarterly-tasks.html,CSM Quarterly Tasks,10387734
OK,/gresb-final-submission-review-and-audit-process.html,GRESB Final Submission Review and Audit Process,13533345
OK,/boma.html,BOMA,10912121
OK,/new-hire-onboarding-checklist-1.html,New Hire Onboarding Checklist,10780977
OK,/the-difference-between-estar-and-msr-uploads.html,The difference between ESTAR and MSR uploads,10387753
OK,/product-committee-process.html,Product Committee Process,10780986
OK,/gresb-included-sites.html,GRESB Included Sites,10780995
OK,/on-boarding-roadmap-for-new-cs-team-members.html,On Boarding Roadmap for new CS team members,10387762
OK,/utility-sync-weekly-email-process.html,Utility Sync Weekly Email Process,10355007
